{"cameraMode":{"drawMode":0,"name":"Shaded","section":"Shading Mode"},"sceneLighting":false,"audioPlay":false,"sceneViewState":{"m_AlwaysRefresh":false,"showFog":true,"showSkybox":false,"showFlares":true,"showImageEffects":true,"showParticleSystems":true,"showVisualEffectGraphs":true,"m_FxEnabled":true},"in2DMode":false,"pivot":{"x":-0.05943658947944641,"y":0.07304415106773377,"z":-0.031863003969192508},"rotation":{"x":0.10533127188682556,"y":0.15331509709358216,"z":-0.01644340343773365,"w":0.9824175834655762},"size":0.1381288766860962,"orthographic":false}