{"cameraMode":{"drawMode":0,"name":"Shaded","section":"Shading Mode"},"sceneLighting":false,"audioPlay":false,"sceneViewState":{"m_AlwaysRefresh":false,"showFog":true,"showSkybox":false,"showFlares":true,"showImageEffects":true,"showParticleSystems":true,"showVisualEffectGraphs":true,"m_FxEnabled":true},"in2DMode":false,"pivot":{"x":-1.1394950151443482,"y":-0.6266858577728272,"z":1.3834562301635743},"rotation":{"x":-0.18407931923866273,"y":0.33083486557006838,"z":-0.06596532464027405,"w":-0.9232081770896912},"size":1.4114444255828858,"orthographic":false}