{"cameraMode":{"drawMode":0,"name":"Shaded","section":"Shading Mode"},"sceneLighting":false,"audioPlay":false,"sceneViewState":{"m_AlwaysRefresh":false,"showFog":true,"showSkybox":false,"showFlares":true,"showImageEffects":true,"showParticleSystems":true,"showVisualEffectGraphs":true,"m_FxEnabled":true},"in2DMode":false,"pivot":{"x":0.13589857518672944,"y":-0.10392749309539795,"z":-0.2262578010559082},"rotation":{"x":-0.024847490713000299,"y":-0.9733867645263672,"z":0.18801935017108918,"w":-0.12863823771476746},"size":0.43214404582977297,"orthographic":false}