{"cameraMode":{"drawMode":0,"name":"Shaded","section":"Shading Mode"},"sceneLighting":false,"audioPlay":false,"sceneViewState":{"m_AlwaysRefresh":false,"showFog":true,"showSkybox":false,"showFlares":true,"showImageEffects":true,"showParticleSystems":true,"showVisualEffectGraphs":true,"m_FxEnabled":true},"in2DMode":false,"pivot":{"x":0.0016755126416683198,"y":-0.08733034133911133,"z":-0.1173090934753418},"rotation":{"x":0.0160958394408226,"y":0.9409044981002808,"z":-0.33527955412864687,"w":0.0451861247420311},"size":0.17338275909423829,"orthographic":false}